{
  "cratchit": {
    "completion_tokens": 185545,
    "cost_usd": 0.47646088930000013,
    "prompt_tokens": 14564304,
    "shillings_saved": 45.9996261107
  }
}