{
  "cratchit": {
    "completion_tokens": 44100,
    "cost_usd": 0.051924805200000014,
    "prompt_tokens": 5067649,
    "shillings_saved": 15.8125221948
  }
}