{
  "cratchit": {
    "cached_tokens": 167808,
    "completion_tokens": 187072,
    "cost_usd": 0.49019477170000014,
    "prompt_tokens": 14823801,
    "shillings_saved": 46.78728822830001
  },
  "scrooge": {
    "cached_tokens": 0,
    "completion_tokens": 881,
    "cost_usd": 0.0086036628,
    "prompt_tokens": 3755
  }
}