{
  "cratchit": {
    "completion_tokens": 47395,
    "cost_usd": 0.067893642,
    "prompt_tokens": 5347853,
    "shillings_saved": 16.686590357999997
  }
}