{
  "cratchit": {
    "completion_tokens": 127840,
    "cost_usd": 0.27784792490000026,
    "prompt_tokens": 10832104,
    "shillings_saved": 34.1360640751
  }
}