{
  "cratchit": {
    "completion_tokens": 44964,
    "cost_usd": 0.05641036040000001,
    "prompt_tokens": 5128129,
    "shillings_saved": 16.0024366396
  }
}