{
  "cratchit": {
    "completion_tokens": 49244,
    "cost_usd": 0.0749022828,
    "prompt_tokens": 5580746,
    "shillings_saved": 17.4059957172
  }
}