{
  "cratchit": {
    "completion_tokens": 46359,
    "cost_usd": 0.06112920600000002,
    "prompt_tokens": 5193102,
    "shillings_saved": 16.213561794
  }
}